<?xml version="1.0" encoding="UTF-8"?>
<!DOCTYPE mapper
  PUBLIC "-//mybatis.org//DTD Mapper 3.0//EN"
  "http://mybatis.org/dtd/mybatis-3-mapper.dtd">
  
<mapper namespace="com.five.coding.mapper.MemberMapper">
	<insert id="register" parameterType="com.five.coding.vo.MemberVO">
		insert into tbl_member values(#{id}, #{pw}, #{username}, #{nickname}, #{phone}, #{email}, #{vGroups}, 
		#{address1}, #{address2}, #{address3}, #{workPlace1}, #{workPlace2}, #{workPlace3}, #{workPlaceYN}, #{locCode}, #{spotNum}, #{xSpot}, #{ySpot})
	</insert>
	<select id="isSignup" parameterType="com.five.coding.vo.MemberVO" resultType="com.five.coding.vo.MemberVO">
	    SELECT * FROM tbl_member WHERE id = #{id} AND pw = #{pw}
	</select>

    <select id="checkDuplicateId" parameterType="String" resultType="Boolean">
        SELECT COUNT(*) FROM tbl_member WHERE id = #{id}
    </select>

   	<update id="mypageUpdate" parameterType="com.five.coding.vo.MemberVO">
   		UPDATE tbl_member
   		SET 
	      pw = #{pw}, 
	      username = #{username}, 
	      nickname = #{nickname}, 
	      phone = #{phone}, 
	      email = #{email}, 
	      vGroups = #{vGroups},
	      address1 = #{address1},
	      address2 = #{address2},
	      address3 = #{address3},
	      workPlace1 = #{workPlace1},
	      workPlace2 = #{workPlace2},
	      workPlace3 = #{workPlace3},
	      workPlaceYN = #{workPlaceYN},
		  locCode = #{locCode},
   		  spotNum = #{spotNum},
   		  xSpot = #{xSpot},
   		  ySpot = #{ySpot}
	   WHERE 
	      id = #{id};
	</update>
   
 </mapper>